{"comparison": {"xgboost": {"auc_roc": 0.9756213333333333, "precision": 0.8228782287822878, "recall": 0.892, "f1": 0.8560460652591171, "accuracy": 0.925}, "random_forest": {"auc_roc": 0.9664159999999999, "precision": 0.8717948717948718, "recall": 0.68, "f1": 0.7640449438202247, "accuracy": 0.895}}, "feature_importance": {"self_help_group_member": 0.6283745765686035, "jandhan_account_active": 0.08012063801288605, "aadhaar_linked_txns": 0.06927936524152756, "recharge_frequency": 0.06618320196866989, "cash_flow_ratio": 0.03721964359283447, "bill_payment_rate": 0.03438853845000267}, "confusion_matrix": {"tp": 223, "fp": 48, "fn": 27, "tn": 702}}